# alias file generated by the LaTeX directory package
alias abel Michael Abel <M-Abel@t-online.de>
alias abel.w Michael Abel <michael.abel@saarbruecken.de>
alias christian.albrecht Christian Albrecht <chal0007@stud.uni-sb.de>
alias arend Anne Arend <a.arend@stw.uni-sb.de>
alias pb Peter Bach <peter.bach@nettmail.de>
alias pb.w Peter Bach <peter.bach@etas.de>
alias mbackes Michael Backes <mbackes@cs.uni-sb.de>
alias backes.w Werner Backes <backes@mpi-sb.mpg.de>
alias caroline Caroline Barth <caroline@fsinfo.cs.uni-sb.de>
alias anne.bauer Anne Katrin Bauer <Anka.Bauer@t-online.de>
alias anne.bauer.w Anne Katrin Bauer <anne-katrin.bauer@victors.de>
alias anba Andreas Baus <anba@fsinfo.cs.uni-sb.de>
alias h.becker Hendrik Becker <h.becker@internett.de>
alias strohti Rainer Becker <rainer-becker@web.de>
alias strothi Rainer Becker <strothi@heim-d.uni-sb.de>
alias abe Axel Beckert <abe@cs.uni-sb.de>
alias philip.benning Philip Benning <pib@gmx.net>
alias cb Christoph Berg <cb@heim-d.uni-sb.de>
alias cb.w Christoph Berg <cb@cs.uni-sb.de>
alias elke.berg Elke Berg <berg.elke@web.de>
alias gregor.berg Gregor Berg <gregor.berg@web.de>
alias hannes Johannes Berg <hannes.berg@gmx.de>
alias matthias Matthias Berg <matber@studcs.uni-sb.de>
alias matthias.r Matthias Berg <bergm@web.de>
alias sbeyer Sven Beyer <sbeyer@wjpserver.cs.uni-sb.de>
alias oliver.bieg Oliver Bieg <olbi0004@stud.uni-sb.de>
alias katrin Katrin Blumenauer <blka@gmx.de>
alias ludger Ludger Bünger <ludger@buenger.de>
alias petra.bormann Petra Bormann <peba0007@stud.uni-sb.de>
alias hirbli Michael Bosch <hirbli@nettmail.de>
alias hirbli.w Michael Bosch <Michael.Bosch@etas.de>
alias thorsten.brauer Thorsten Brauer <tbrauer@onlinehome.de>
alias thorsten.brauer.w Thorsten Brauer <Thorsten.Brauer@Saint-Gobain.com>
alias verena.buerger Verena Bürger <champagnnia@yahoo.de>
alias sara Sara Bürkle <sara@fsinfo.cs.uni-sb.de>
alias dom Dominik Bruch <dobr0002@stud.uni-sb.de>
alias dagmar Dagmar Bubel <dagmar.bubel@web.de>
alias dagmar.w Dagmar Bubel <uily@rz.uni-karlsruhe.de>
alias questor Claas Buchterkirche <questor@fsinfo.cs.uni-sb.de>
alias christina Christina Burda <chbu0011@stud.uni-sb.de>
alias rosine.caplot Rosine Caplot <roca0004@stud.uni-sb.de>
alias rosine.caplot.w Rosine Caplot <rosine@cip.physik.uni-saarland.de>
alias nico.cibis Nicolaus Cibis <Nicolaus.Cibis@t-online.de>
alias chcl Christoph Clodo <chcl@mpi-sb.mpg.de>
alias coruh.w Ülkü Coruh <coruh@cs.uni-sb.de>
alias nexus Tom Crecelius <nexus@studcs.uni-sb.de>
alias marwin Nils Crefeld <marwin@fsinfo.cs.uni-sb.de>
alias hp Heimpräsidenten D <hp@heim-d.uni-sb.de>
alias praesidium Heimpräsidium D <praesidium@heim-d.uni-sb.de>
alias kassenwart Kassenwart D <kassenwart@heim-d.uni-sb.de>
alias netzwart Netzwarte D <netzwart@heim-d.uni-sb.de>
alias marc.dawo Marc Alexander Dawo <marc.dawo@web.de>
alias marc.dawo.w Marc Alexander Dawo <marc.dawo@telekom.de>
alias markus.dawo Markus Dawo <mada0007@stud.uni-sb.de>
alias dc8wp Stefan Kutsche DC8WP <kutsche@student.uni-kl.de>
alias dd2ek Eva Krämer DD2EK <ekraemer@smail.rrz.uni-koeln.de>
alias dd3vv Albert Schmitt DD3VV <dd3vv@aol.com>
alias fsn /dev/null <fs-nulldevice@fsinfo.cs.uni-sb.de>
alias dewes Holger Dewes <dewes@fsinfo.cs.uni-sb.de>
alias df3vi Patrick Sesseler DF3VI <patrick.sesseler@voith.de>
alias df7cb@directbox.com df7cb@directbox.com <df7cb@directbox.com>
alias dh8vs Georg Schwarz DH8VS <gremlin@studcs.uni-sb.de>
alias dk2oy Manfred Petersen DK2OY <manfred@shindengen.de>
alias dk8te Lennart Meier DK8TE <meier@studcs.uni-sb.de>
alias dl2grd Dirk DL2GRD <dl2grd@db0sbk>
alias dl4vbn Markus Engel DL4VBN <markus@fsing.fs.uni-sb.de>
alias dl4vcg.w Frank Paulus Rieth DL4VCG <dl4vcg@lpa.uni-sb.de>
alias dl4vck Stefan Fuchs DL4VCK <dl4vck@darc.de>
alias dl8fr Klaus Neumann DL8FR <KNeuDL8FR@aol.com>
alias dreker Patrick Dreker <patrick@dreker.de>
alias dreker.w Patrick Dreker <dreker@wjpserver.cs.uni-sb.de>
alias steffen.ecker Steffen Ecker <stec0000@stud.uni-sb.de>
alias fje Franz Josef Engel <fje@rz.uni-sb.de>
alias f1ulq.w Jean Luc Missler F1ULQ <jeanluc.missler@schaller.de>
alias fsinfo {Fachschaftsrat Informatik} <fsinfo@fsinfo.cs.uni-sb.de>
alias fsinfo.r {Fachschaftsrat Informatik} <fsr@fsinfo.cs.uni-sb.de>
alias dirk.fastenrath Dirk Fastenrath <difa@stud.uni-sb.de>
alias patrick.fell Patrick Fell <mefian@gmx.de>
alias jnf Jan Niklas Fingerle <JN.Fingerle@epost.de>
alias jofis Jörg Fischer <jofis@cs.uni-sb.de>
alias fritsch Lothar Fritsch <fritsch@klammeraffe.org>
alias cage Nico Fritz <cage@studcs.uni-sb.de>
alias fsg FS Gossip <fsg@fsinfo.cs.uni-sb.de>
alias fsi FS Intern <fsi@fsinfo.cs.uni-sb.de>
alias birgit.futterer Birgit Futterer <Birgit.Futterer@web.de>
alias ellen Ellen Gieringer <ellen.gieringer@web.de>
alias roquas Martin Gisch <roquas@fsinfo.cs.uni-sb.de>
alias andreas Andreas Gutapfel <andreas@gutapfel.de>
alias andreas.w Andreas Gutapfel <gutapfel@informatik.fh-kl.de>
alias baschdel Bastiaan Hageman <BastiaanHageman@aol.com>
alias baschdel.w Bastiaan Hageman <b.hageman@hbks.uni-sb.de>
alias christoph.hammer Christoph Hammer <christoph_hammer@web.de>
alias eva.hartz Eva Hartz <evha0005@stud.uni-sb.de>
alias nicole.hasselmeier Nicole Hasselmeier <nicole.hasselmeier@orbis.de>
alias gph Goran P. Hastenteufel <goha0001@stud.uni-sb.de>
alias heimfee Heimgeist <heimfee@heim-d.uni-sb.de>
alias heimlich Heimlich <heimlich@heim-d.uni-sb.de>
alias pvs-help PVS Help <pvs-help@csl.sri.com>
alias hessemer Dominic Hessemer <hessemer@fsinfo.cs.uni-sb.de>
alias jennifer.hille Jennifer Hille <jehi0003@stud.uni-sb.de>
alias mah Mark Anton Hillebrand <mah@wjpserver.cs.uni-sb.de>
alias martina.hinsberger Martina Hinsberger
  <mhinsberger@intercon-engineering.de>
alias kurt.hock Kurt Hock <kurthock@aol.com>
alias hausmeister Hoffmann <hausmeister@cs.uni-sb.de>
alias speedy Dominique Hoffmann <doho0002@stud.uni-sb.de>
alias silke.huettig Silke Hüttig <shuettig@web.de>
alias rearch Computer Architecture I <rearch@wjpserver.cs.uni-sb.de>
alias ai Aktive Idealisten <ai@fsinfo.cs.uni-sb.de>
alias tom Thomas In der Rieden <tom@myndforge.com>
alias cj Christian Jacobi <cj@cs.uni-sb.de>
alias wiebke.janssen Wiebke Janßen <wija0000@stud.uni-sb.de>
alias janocha Stefan Janocha <cs.j@nocha.de>
alias tanja.jansen Tanja Jansen <tanja.jansen@ukv.de>
alias sabine.john Sabine John <sabinejohn@gmx.de>
alias mjung Marko Jung <mjung@mpi-sb.mpg.de>
alias hirvi Nils Kammenhuber <hirvi@fsinfo.cs.uni-sb.de>
alias pk Paul Keller <pk@cs.uni-sb.de>
alias edith Edith Klee <edith@coli.uni-sb.de>
alias d.klein Dieter Klein <d.klein@rz.uni-saarland.de>
alias hajo.klein Hans Joachim Klein <Joachim.Klein@schwab.de>
alias ogrim Michael Klein <ogrim@cs.uni-sb.de>
alias harald.kreutzer Harald Kreutzer <hakr0003@stud.uni-sb.de>
alias kroening Daniel Kröning <kroening@cs.uni-sb.de>
alias kempest Stefan Kunde <kempest@cs.uni-sb.de>
alias martin.lang Martin Lang <senseilang@web.de>
alias dirkl Dirk Leinenbach <dirkl@wjpserver.cs.uni-sb.de>
alias christian.lemier Christian Lemier <christian.lemier@web.de>
alias david.lemm David Lemm <dale0006@stud.uni-sb.de>
alias marco.lenjoint Marco Lenjoint <marco.lenjoint@lct.cetecom.de>
alias cls Cédric Lichtenau <lichtenau@de.ibm.com>
alias sigi Frank Luithle <sigi@fsinfo.cs.uni-sb.de>
alias julia.luxenburger Julia Luxenburger <luju0000@studcs.uni-sb.de>
alias olafm Olaf Maennel <olafm@fsinfo.cs.uni-sb.de>
alias alexander.malkis Alexander Malkis <alexmalkis@yahoo.com>
alias m Majordomo List Manager <majordomo@heim-d.uni-sb.de>
alias daniel.marthaler Daniel Marthaler <dama0008@stud.uni-sb.de>
alias matthies Niklas Matthies <matthies@fsinfo.cs.uni-sb.de>
alias matuschewski Peter Matuschewski <matuschewski@rz.uni-saarland.de>
alias anne.matysiak Anne Matysiak <annematysiak@gmx.de>
alias tobiwan Tobias Maurer <tobiwan@fsinfo.cs.uni-sb.de>
alias sven.mayer Sven Mayer <Sgt.Sven@t-online.de>
alias orla.mccarthy Orla McCarthy <omccarthy@yahoo.com>
alias carsten Carsten Meyer <carsten@wjpserver.cs.uni-sb.de>
alias marian Marian Möhren <marian@beer.com>
alias smueller Silvia Müller <SMM@de.ibm.com>
alias bianca.mokwa Bianca Mokwa <bimo0001@stud.uni-sb.de>
alias a.neisius Alfred Neisius <a.neisius@rz.uni-sb.de>
alias ulli Ulrike Neumüller <oneumueller@t-online.de>
alias ulli.w Ulrike Neumüller <ulne0001@stud.uni-sb.de>
alias johannes.niklas Johannes Niklas <johannesniklas@altavista.net>
alias markus.olk Markus Olk <olma0000@studcs.uni-sb.de>
alias markus.olk.r Markus Olk <cs-uni-sb@web.de>
alias arndt Arndt Paschke <arndtpas@gmx.de>
alias ap Andreas Paul <andreas.paul@sap.com>
alias all LS Paul <all@wjpserver.cs.uni-sb.de>
alias wjp Wolfgang Paul <wjp@cs.uni-sb.de>
alias pessi Jan Pessenlehner <pessi@gmx.net>
alias maddin Martin Porr <martin.porr@t-online.de>
alias maddin.w Martin Porr <mporr@htw.uni-sb.de>
alias hermann.prediger Hermann Prediger <h.prediger@gmx.de>
alias jochen Jochen Preiß <jochen@cs.uni-sb.de>
alias amalia.pulido Amalia Pulido <amro0000@stud.uni-sb.de>
alias mreckt Martin Recktenwald <mreckt@wjpserver.cs.uni-sb.de>
alias shadow Jens Regenberg <shadow@fsinfo.cs.uni-sb.de>
alias d.reichert Dietmar Reichert <d.reichert@rz.uni-sb.de>
alias reindel Erich Reindel <reindel@cs.uni-sb.de>
alias uwe Uwe Reitenbach <uwe@cs.uni-sb.de>
alias torben Torben Reuter <tore0004@stud.uni-sb.de>
alias bird Jochen Röhrig <roehrig@de.ibm.com>
alias konstantin Konstantin Rinderle <konstantinrinderle@web.de>
alias bettina.rinsche Bettina Rinsche <premier.cru@t-online.de>
alias peterpan Peter Rullmann <peterpan@fsinfo.cs.uni-sb.de>
alias isabel.sand Isabel Sand <isabel.sand@gmx.de>
alias sauer Michael Sauer <sauer@studcs.uni-sb.de>
alias rms Rainer Michael Schmid <rms@tafl.de>
alias rms.w Rainer Michael Schmid <rms@trolltech.de>
alias max Jan "Max" Schmidt <max@fsinfo.cs.uni-sb.de>
alias holger.schmitt Holger Schmitt <hosc0010@stud.uni-sb.de>
alias holger.schmitt.w Holger Schmitt <schmitt_holger@t-online.de>
alias netstorm Thorsten Schneider <netstorm@fsinfo.cs.uni-sb.de>
alias schoenenberger.w Helmut Schönenberger <h.schoenenberger@stw.uni-sb.de>
alias sabine.schnur Sabine Schnur <mouseschnur@aol.com>
alias sabine.schnur.w Sabine Schnur <sabine.schnur@saarbruecken.de>
alias schuerge Thomas Schürger <schuerge@wjpserver.cs.uni-sb.de>
alias bertram.schuck Bertram Schuck <bertramschuck@web.de>
alias h.schuh Hans Joachim Schuh <h.schuh@rz.uni-sb.de>
alias schutz Alexander Schutz <schutz@coli.uni-sb.de>
alias petra.schwarz Petra Schwarz <Petra-Schwarz@gmx.de>
alias sokoll Thorsten Sokoll <sokoll@fsinfo.cs.uni-sb.de>
alias stefan.sommer Stefan Sommer <stefan.sommer@uni.de>
alias stilian.stanev Stilian Stanev <tanko_d@hotmail.com>
alias stilian.stanev.w Stilian Stanev <stst0001@studcs.uni-sb.de>
alias sandra Sandra Steinbrecher <ssteinbrecher@web.de>
alias schlumpf Christian Stöhr <schlumpf@fsinfo.cs.uni-sb.de>
alias struwe Martin Struwe <mstruwe@studcs.uni-sb.de>
alias taffin Dominique Taffin <taffin@wjpserver.cs.uni-sb.de>
alias tischer Dr. Peter Tischer <tischer@szsb.uni-sb.de>
alias tnt-devel {TNT developers} <tnt-devel@excelsior.kullen.rwth-aachen.de>
alias stefan.toussaint Stefan Toussaint <stefantoussaint@gmx.de>
alias swen.troester Swen Tröster <mail@digital-bandits.de>
alias andreas.trunkenbolz Andreas Trunkenbolz <trunkenbolz@gmx.de>
alias andreas.trunkenbolz.r Andreas Trunkenbolz <atrunkenbolz@aol.com>
alias tine Christine Tuth <chtu0000@stud.uni-sb.de>
alias igna.uhrig Igna Uhrig <igna111@yahoo.de>
alias unix-ag Unix AG <unix-ag@net.uni-sb.de>
alias dvollmar Dirk Vollmar <dvollmar@studcs.uni-sb.de>
alias vuje Marco Vujevic <vuje@fsinfo.cs.uni-sb.de>
alias mawan Martin Wanke <mawan@krypt.cs.uni-sb.de>
alias dominik.weber Dominik Weber <dweber@bigfoot.de>
alias kirstin Kirstin Weinand <kweinand@uni.de>
alias bianca.welsch Bianca Welsch <beastiegirl22@lycos.com>
alias aw Arne Wichmann <aw@net.uni-sb.de>
alias lynx Stephan Wiehr <lynx@fsinfo.cs.uni-sb.de>
alias step Stephan Wilhelm <step@fsinfo.cs.uni-sb.de>
alias heikowu Heiko Wundram <heikowu@heim-d.uni-sb.de>
alias thomas.zasowski Thomas Zasowski <Thomas.Zasowski@ee.uni-sb.de>
alias stefan.zeiger Stefan Zeiger <stze0000@stud.uni-sb.de>
alias zille Daniel Zielinski <dazi0002@stud.uni-sb.de>
alias caro Caroline Zunckel <cazu0000@stud.uni-sb.de>
